"# Brightline Heating & Air, monthly profit and loss",2026-08
"# SAMPLE, SYNTHETIC DATA. Stand-in for an accounting system export."
Line,Amount
"Revenue, service",176900
"Revenue, installation",69100
"Revenue, maintenance plans",22900
Total revenue,268900
"Cost of sales, technician labor",83359
"Cost of sales, parts and equipment",45713
Gross profit,139828
Officer compensation,9500
Office salaries and benefits,24800
Rent,7200
Vehicle fuel and maintenance,6991
Insurance,4150
Advertising,4840
Software and phones,1680
"Consulting fee, R. Kowalski",6000
Depreciation,5900
Other operating expenses,3227
Total operating expenses,74288
Operating income,65540
"Interest expense, SBA loan",16400
Net income,49140
