"#","Name","Title","Company / holdco","Industry","Most recent acq.","LinkedIn","Source"
"1","Brendan Duebner","President","IT Total Care","IT services/MSP (Bay Area)","Mar 2025","Profilelinkedin","Acquiring Mindsacquiringminds"
"2","Alan Turkus","CEO/Owner","Interim Healthcare of the Twin Cities (Legacy Bridge Capital)","Home health & hospice","March, year not stated (~2025–26)","Profilelinkedin","Acquiring Mindsacquiringminds"
"3","Justus Luttig","Owner","Copeland Home Services + First American Plumbing","HVAC/plumbing (Dallas)","Sep 2025","Profilelinkedin","Acquiring Mindsacquiringminds"
"4","Mike Bourgeois","CEO/co-owner","Cardinal Heating & Air (Skyline Partners)","HVAC/plumbing/electrical (Kirkland, WA)","Dec 2025","Profile","Acquiring Mindsacquiringminds"
"5","Aashish Chenna","Co-owner/member","Cardinal Heating & Air","HVAC/plumbing","Dec 2025","—","BBB listingbbb, Searchfundersearchfunder"
"6","Patrick Beal","President & Owner","Temperature Control Maintenance","Commercial HVAC/R (NE Ohio)","May 2024","Profilelinkedin","Acquiring Mindsacquiringminds"
"7","Robert Gayden","President & CEO","BrightStar Care of Greater Waukesha & Lake Country","Home care (WI)","Jan 2024","Profilelinkedin","Acquiring Mindsacquiringminds"
"8","Robert Brooks","President","Gary Air","HVAC (Sarasota, FL)","~May 2025","Profilelinkedin","Acquiring Mindsacquiringminds"
"9","Sean Daly","Owner","Ice-C-Cool Mechanical","HVAC (Coral Springs, FL)","Jul 2024","Profilelinkedin","Acquiring Mindsacquiringminds, closing postlinkedin"
"10","Scott Crosby","Co-Owner","American Services St. Louis","HVAC/refrigeration","Apr 2025","Profilelinkedin","Acquiring Mindsacquiringminds"
"11","Nick Molina","Owner/Chairman","Kleinman Realty (Integris Asset Partners)","Property management (Minneapolis)","Oct 2024","Profilelinkedin","Acquiring Mindsacquiringminds"
"12","Megan McGee","Owner/CEO","Virginia Guesthouses","Vacation rental property management","May 2025","Profilelinkedin","Dardennews.darden.virginia, Acquiring Mindsacquiringminds"
"13","Ana Lia Barragan","Owner","Kelly Green","Indoor plant care (borderline landscaping; Seattle)","Jul 2025","Profilelinkedin","Acquiring Mindsacquiringminds"
"14","Irvin Gómez","CEO","Green Acres Lawn Care (Due North search fund)","Lawn/landscape (IL)","Oct 2024","Profilelinkedin","Footbridgefootbridgepartners"
"15","Caroline Sabatt","Owner & CEO","Minuteman Plumbing, Heating & Cooling","Plumbing/HVAC (Boston area)","2025 per article; LinkedIn role starts Jan 2024","Profilelinkedin","Business Model Analystbusinessmodelanalyst"
"16","Devin Fitzgerald","Owner","RML Service Group","Home health (MA)","Dec 2024 (2nd acq.)","Profilelinkedin","Acquiring Mindsacquiringminds"
"17","Erik Reynolds","President","Three Bears Capital, doing business as Visiting Angels Littleton","Home care (CO)","Apr 2025 (LinkedIn shows Apr 2024)","Profilelinkedin","Osborneosbornehomecare"
"18","Chase Crenwelge","Owner","Home Instead Plano (Double C Enterprises)","Home care (TX)","Jan 2025","Profilelinkedin","Osborneosbornehomecare"
"19","Taylor Crenwelge","Owner","Same as above","Home care","Jan 2025","Profilelinkedin","Home Insteadhomeinstead"
"20","Marc Lundeberg","Owner & CEO","Senior Care Holdings (Visiting Angels RI/Groton)","Home care","Jan–Feb 2025","Profilelinkedin","Osborneosbornehomecare"
"21","David Mella","Co-CEO","Pando Home Care (search fund)","Home care (Bay Area)","~2025","Profilelinkedin","Launch postlinkedin"
"22","Nick Olsen","Co-founder","Pando Home Care","Home care","~2025","Profilelinkedin","Launch postlinkedin"
"23","Felix Wibergh","CEO & Co-Owner","Home or Away","Home care (Columbus, GA)","~May 2025","Profilelinkedin","LinkedInlinkedin"
"24","Ryan Manacheril","Operator","Krista Care (Pillar Health Group)","Non-medical home care (CA)","2026","—","Minds Capitalmindscapital, Pillar postlinkedin"
"25","Ryan Williams","Owner","Plumbing company, name not stated","Plumbing","May 2025","Postlinkedin","Same post"
"26","Jameson Wildwood","CEO","Sweetwater Plumbing","Plumbing (Apex, NC)","~Jan 2025","Profilelinkedin","Owned & Operatedbuzzsprout"
"27","Jared Worthen","Owner","Drain Doctors","Plumbing/drain (Central Coast CA)","~Jan 2025","Profilelinkedin","Owned & Operatedgetpodcast"
"28","Brent Zimmerman","CEO/Owner","Ayers Mechanical + Space Comfort","HVAC/plumbing (OH)","Oct 2025","Profilelinkedin","Postlinkedin"
"29","Matt Ostrowski","CEO","Premier Tree Specialists","Tree care (Cleveland)","May 2024","Profilelinkedin","Hunter Search Capitalhuntersearchcapital"
"30","Mike Joseph","Founder & CEO","Saturday Landscapes","Commercial landscaping (CA)","2025","Profilelinkedin","Pacific Lakepacificlake"
"31","Allison Toombs","Co-owner","Proximo Partners","Industrial maintenance (exact trade not confirmed)","Mar 2024","Profilelinkedin","Same profile"
"32","Graeme Hewett","CEO","IT Service Alliance","IT services (Allston, MA)","2026 investment","—","Pacific Lakepacificlake"
"33","Nadim Muzayyin","Co-founder","IT Service Alliance","IT services","2026 investment","Postlinkedin","Company profilethecompanycheck"
"34","James Masotti","Owner","Roaring Fork Tax & Accounting","Accounting","Sep 2025","Profilelinkedin","Postlinkedin"