"#","Name","Title","School","Course / program","Former searcher/operator?","LinkedIn or faculty page","Source"
"1","Peter B. Kelly","Lecturer in Management","Stanford GSB","STRAMGT 543 Entrepreneurial Acquisition; S549 Search Fund Garage. Lead author of the 2024 and 2026 Stanford Search Fund Studies","Yes. Co-founded a search fund that bought Pacific Pulmonary Services in 1993; later CEO, 17 years, 25 add-on acquisitions","GSB profilegsb.stanford","2026 Search Fund Studygsb.stanford"
"2","Stefanos Zenios","Professor of Entrepreneurship; faculty director, Center for Entrepreneurial Studies","Stanford GSB","Co-lead researcher on the Search Fund Study; co-author of the 2026 study","No, academic","GSB profilegsb.stanford","GSB Insightsgsb.stanford"
"3","Dom Ng","Associate Director, Search Fund Project","Stanford GSB","Manages the Search Fund Study and Stanford's Search Fund Conference; advises students","Not stated","GSB contact pagegsb.stanford","GSB contact pagegsb.stanford"
"4","David M. Dodson","Faculty affiliate, Grousbeck-Holloway Center for Entrepreneurial Studies","Stanford GSB","STRAMGT 543; wrote the original search fund course material","Yes. Raised three search funds, first acquisition in 1989","GSB profilegsb.stanford","Same"
"5","Jim Ellis","Lecturer in Management","Stanford GSB","STRAMGT 543 Entrepreneurship Through Acquisition","Operator: co-founded Asurion, founded Mill River","GSB profilegsb.stanford","Same"
"6","Gerald Risk","Lecturer","Stanford GSB","Co-teaches S543","Investor in 100+ search funds or search-acquired companies","GSB profilegsb.stanford","Same"
"7","Richard S. Ruback","Baker Foundation Professor","HBS","ETA field course; Financial Management of Smaller Firms; co-author of the HBR Guide to Buying a Small Business","No, academic","HBS profilehbs","HBS course cataloghbs"
"8","Royce Yudkoff","Professor of Management Practice","HBS","Co-teaches the ETA course with Ruback","PE investor (ABRY Partners co-founder), not a searcher","HBS profilehbs","HBS course cataloghbs"
"9","Jason T. Pananos","Senior Lecturer","HBS","Value Creation in Small and Medium Firms; guest lecturer in ETA","Yes. Bought and ran a pest/lake-management firm; 14 add-ons; co-founded The Nashton Company","LinkedInlinkedin","HBS profilehbs"
"10","Archie L. Jones Jr.","Senior Lecturer","HBS","Co-leads the ""Search to Success"" ETA series at HBS's Rock Center for Entrepreneurship","PE investor, not a searcher","HBS profilehbs","HBS Founder Pathwayshbs"
"11","Satish Tadikonda","Senior Lecturer","HBS","Co-leads the ""Search to Success"" ETA series","Not stated","LinkedInlinkedin","HBS Founder Pathwayshbs"
"12","Steven Kaplan","Professor; faculty director, Polsky Center","Chicago Booth","Oversees Polsky's ETA program; entrepreneurial finance and PE courses","No, academic","Polsky ETA facultypolsky.uchicago","Same"
"13","Keith Burns","Adjunct Assistant Professor","Chicago Booth","34302 Entrepreneurship through Acquisition","Yes. Searcher (Seneca Creek Partners, 15 add-ons, exit 2019); search fund investor","Booth profilechicagobooth","Same"
"14","Jason Jackson","Adjunct Assistant Professor","Chicago Booth","34302 ETA","Yes. Search fund CEO at Unified Dental Partners (7 add-ons, exited); co-founder of the Black Search Network","Booth profilechicagobooth","Polsky ETA facultypolsky.uchicago"
"15","Mark Agnew","Adjunct Associate Professor","Chicago Booth","ETA course","Operator: former CEO of Lou Malnati's Pizzeria","Booth profilechicagobooth","Polsky ETA facultypolsky.uchicago"
"16","Brian O'Connor","Adjunct Associate Professor","Chicago Booth","ETA course; hosts the ETA Insider podcast","Founder and managing partner of NextGen Growth Partners","Booth profilechicagobooth","ETA Insider podcastsoundcloud"
"17","Alex Schneider","Adjunct Lecturer; ETA track lead, Zell Fellows","Kellogg","ENTR-905-5 ETA","Acquirer and investor: independent sponsor (Clover Capital); invests in search funds","Kellogg profilekellogg.northwestern","Same"
"18","Matt Littell","Adjunct Lecturer; ETA track co-lead, Zell Fellows","Kellogg","ENTR-905-5; ENTR-910","Yes. Search fund CEO of a niche metal manufacturer; co-founded Legacy 41","Kellogg profilekellogg.northwestern","Same"
"19","Jim Vesterman","Lecturer","Wharton","MGMT 8140 Search Fund Entrepreneurship","Yes. Searcher (Liberty Place Capital), CEO of Raptor Technologies 2012–2020; 13.5x return","LinkedInlinkedin","Wharton profilemgmt.wharton.upenn"
"20","Richard Perlman","Lecturer","Wharton","MGMT 2130 ETA; funds the Perlman ETA Fellowship","Operator: co-founder of ExamWorks (per a course document)","Wharton profilemgmt.wharton.upenn","Venture Lab ETAventurelab.upenn"
"21","Carlos Gila","Adjunct Professor of Management","Columbia","B8523 ETA","Operator: CEO/President who bought, ran, and sold companies","LinkedInlinkedin","CBS course pagecourses.business.columbia"
"22","Tom Jackson","Adjunct Professor","Columbia","B8523 ETA; co-hosts the CETA club","Yes. Searcher (WJT Partners); President of Datacor since the 2016 acquisition","LinkedInlinkedin","CBS course pagecourses.business.columbia"
"23","Clayton E. Sachs","Faculty, B8523","Columbia","B8523 ETA","Yes. Co-searcher on Datacor; invested in 30+ search funds","CBS profilebusiness.columbia","CBS course pagecourses.business.columbia"
"24","Bakari Akil","Lecturer (""How to Buy a Business"" segment)","Cornell Johnson","Teaches within Tom Schryver's Entrepreneurial Mindset course","Founder of Graves Hall Capital","LinkedInlinkedin","Cornell Tech eventtech.cornell"
"25","Lester ""Les"" Alexander III","John Glynn Endowed Professor of Practice","Darden","ETA; ETA Velocity","VC/PE investor, not a searcher","Darden profiledarden.virginia","Darden Ideasideas.darden.virginia"
"26","Megan McGee","Director of ETA, Batten Institute","Darden","Runs Darden's ETA program; moderator at the Southeast ETA Conference (SEETA)","Operator (VA Guesthouses; The Cooler Nation); advises search funds","LinkedInlinkedin","SEETA 2025seetaconference"
"27","Mark Anderegg","Adjunct Professor","Tuck (also Kellogg affiliate)","Tuck ETA elective","Yes. Searcher; CEO of Little Sprouts (acquired 2012); search fund investor","LinkedInlinkedin","Tuck profiletuck.dartmouth"
"28","David Hiemstra","Lecturer","Michigan Ross","ES 516 ETA (since 2013); runs the Zell ETA Program","PE (Penstock Equity); searcher history not stated","LinkedInlinkedin","Same"
"29","A.J. Wasserstein","Senior Lecturer","Yale SOM","MGT 671 ETA; MGT 416; 100+ search fund cases","Operator: founder/CEO of ArchivesOne, President of Onesource Water","Yale profilesom.yale","Yale investor-returns papersom.yale"
"30","David T. Robinson","Professor of Finance","Duke Fuqua","Teaches Fuqua's ETA class; SEETA 2026 moderator","No, academic","Duke workshop listingentrepreneurship.duke","SEETA scheduleseetaconference"
"31","Jan Simon","Instructor (Haas); academic director, IESE International Search Fund Center","Berkeley Haas / IESE","EWMBA 237 Search Funds & ETA; author of the international search fund study","Search fund investor (Vonzeo Capital)","IESE profileiese","Haas course pagecourses.haas.berkeley"
"32","Mellie Price","Executive Director, Brumley Institute","Texas McCombs","Co-teaches the ETA & Search Fund Practicum","Not stated","McCombs Magazinenews.mccombs.utexas","Same"
"33","Jacob Hall","Instructor","Texas McCombs","ETA & Search Fund Practicum","Investor backing searchers (Kando Capital); former COO","LinkedInlinkedin","Brumley practicum pagemccombs.utexas"
"34","Andrew Breen","Adjunct Assistant Professor","NYU Stern","Launched Stern's first ETA course in 2023","Acquirer (The Buy Build Fund)","Stern profilestern.nyu","Same"
"35","Kingchih ""KC"" Fan","Adjunct Professor","NYU Stern","Intro to ETA & Search Funds","Operator and investor (The Buy Build Fund; iGOTHAM)","LinkedInlinkedin","Stern profilestern.nyu"
"36","Kent Weaver","Lecturer","UCLA Anderson","Search fund/ETA course; SoCal ETA Conference","Yes. Bought a Sacramento healthcare company, CEO 9 years; Granite Point Partners","UCLA articleanderson.ucla","Same"
"37","Dustin Sellers","Adjunct Professor","USC Marshall","BAEP-560 Search Funds & ETA","Yes. Search fund CEO of ProService (22x return); backed 100+ searchers (NCL Partners)","USC Search Funduscsearchfund","Same"
"38","Chris Lueck","Adjunct Professor","USC Marshall","BAEP-560","Yes. Two-time searcher; FastSpring; CEO of GovSoft Holdings","USC Search Funduscsearchfund","Same"
"39","Scot Lowry","ETA faculty","Case Western Weatherhead (ETA Center)","ETA curriculum; keynote at UC's 2026 ETA Conference","Yes. Co-founded PromiseONE holdco; CEO of Fathom","Case ETA facultycase","UC 2026 ETA Conferencebusiness.uc"
"40","Steve Ressler","Adjunct Professor","Georgetown McDonough","Entrepreneurship Through Acquisition","Operator/PE: co-founder of The Brydon Group","LinkedInlinkedin","Brydon biobrydonenergy"