"#","Name","Current title","Company / holdco","Industry","Most recent close","Source"
"1","Manolo Diaz Corradalinkedin","President/Owner","Bonneville Group (San Juan, PR)","Telecom/electrical/IT contracting","Nov 2025","Acquiring Mindsacquiringminds"
"2","Rob Brookslinkedin","President","Gary Air (Sarasota, FL)","Residential HVAC","2025","Acquiring Mindsacquiringminds"
"3","Mike Bourgeois (not found)","Co-owner","Cardinal Heating & Air (Kirkland, WA)","HVAC/plumbing/electrical","Dec 2025","Acquiring Mindsacquiringminds; Searchfundersearchfunder"
"4","Sujith Shankarlinkedin","Co-Owner & Managing Partner","Kanara Equity Partners / Upland Auto Body (SoCal)","Auto repair and collision","Jun 2026 (2nd deal; 1st in early 2026)","Acquiring Mindsacquiringminds"
"5","Greyson Boernerlinkedin","President","Worship Interiors Group (CA)","Church pew restoration","Jan 2025 per LinkedIn (article suggests 2026)","Acquiring Mindsacquiringminds"
"6","Chibunna Chimezielinkedin","Operator","Veterans Room (TX)","Behavioral health","Aug 2025","Acquiring Mindsacquiringminds"
"7","Brian Jungleslinkedin","Owner","City Publications Atlanta","Direct-mail advertising","Dec 2024","Acquiring Mindsacquiringminds"
"8","Rob Belklinkedin","CEO","Sales Factory (Greensboro, NC)","Retail marketing agency","Jan 2026","Acquiring Mindsacquiringminds"
"9","Tom McCormicklinkedin","President","Quality Cutting & Coring (Twin Cities)","Concrete cutting","about late 2024","Acquiring Mindsacquiringminds"
"10","Alan Turkuslinkedin","CEO","Interim Healthcare of the Twin Cities","Home health/hospice","Mar 2026","Acquiring Mindsacquiringminds"
"11","Justus Luttiglinkedin","Owner","Copeland Home Services + First American Plumbing (Dallas)","HVAC/plumbing","Sep 2025","Acquiring Mindsacquiringminds"
"12","Truc Nguyen (not found)","Owner","Two nail salons (Austin)","Nail salons","about 2025","Acquiring Mindsacquiringminds"
"13","Zack Mutniklinkedin","President","Mutt's Electric (North Port, FL)","Electrical contracting","Spring 2025","Acquiring Mindsacquiringminds"
"14","Alicia Powerslinkedin","President","Price Builders (San Diego)","Design-build contractor","Jul 2025","Acquiring Mindsacquiringminds"
"15","Brendan Duebnerlinkedin","President","IT Total Care (Foster City, CA)","IT managed services","Mar 2025","Acquiring Mindsacquiringminds"
"16","Joe Wynnlinkedin","Owner & President","Surgical Specialties of Georgia","Medical equipment sales/service","Jan 2026","Acquiring Mindsacquiringminds"
"17","Ana Lia Barraganlinkedin","Owner","Kelly Green (Seattle)","Commercial plant service","Jul 2025","Acquiring Mindsacquiringminds"
"18","Eric Donahuelinkedin","CEO/President","Peninsula Paving (Hampton, VA)","Commercial paving","Jan 2025","Acquiring Mindsacquiringminds"
"19","Megan McGeelinkedin","Owner","Virginia Guesthouses (Charlottesville)","Vacation-rental management","May 2025","Acquiring Mindsacquiringminds"
"20","Joe Springsteenlinkedin","""Chief Duck""","Mallard Systems (Orlando)","Commercial exterior/window cleaning","about late 2024 (my estimate)","Acquiring Mindsacquiringminds"
"21","Scott Crosbylinkedin","Co-Owner","American Services (St. Louis)","HVAC/refrigeration","Apr 2025","Acquiring Mindsacquiringminds"
"22","George Sternlinkedin","Owner","Growth Marketing Media (Denver)","SEO/digital agency","2025","Acquiring Mindsacquiringminds"
"23","Ruchik Gandhilinkedin","Owner & CEO","Window25 (NJ)","Custom window-treatment workroom","about late 2024","Acquiring Mindsacquiringminds"
"24","Danyelle Nyslinkedin","Owner","Decorus Home Staging (Seattle)","Home staging","Nov 2024","Acquiring Mindsacquiringminds"
"25","Raj Kankarialinkedin","Owner & President","Lone Star Attorney Service (Houston)","Process serving","Jun 2025","Acquiring Mindsacquiringminds"
"26","Jesus Wonglinkedin","President & CEO","Gear re-Store (Denver)","Outdoor gear repair","Jun 2025","Acquiring Mindsacquiringminds"
"27","Sarah Chileslinkedin","Partner","STM Holdings / Aspen Total Automotive","Auto repair","Nov 2024","Acquiring Mindsacquiringminds"
"28","Matthew Fergusonlinkedin","Founding Partner","STM Holdings / Aspen Total Automotive","Auto repair","Nov 2024","Acquiring Mindsacquiringminds"
"29","Kin Siolinkedin","CEO","Lights On Digital (Honolulu)","Hotel marketing agency","Jan 2025","Acquiring Mindsacquiringminds"
"30","Lindsay Buckheitlinkedin","Owner","Collective Creative Outdoors / Holdsworth & Nicholas (TX)","Outdoor design-build; media-buying agency","Oct 2024 (H&N)","Acquiring Mindsacquiringminds"
"31","Kevin Blacklinkedin","President","Holdsworth & Nicholas (San Antonio)","Media-buying agency","Oct 2024","Acquiring Mindsacquiringminds"
"32","Shaugn Lindleylinkedin","Owner","R&R Lift (Kyle, TX)","Forklift repair","about Dec 2024","Acquiring Mindsacquiringminds"
"33","Adam Salmenlinkedin","Group CEO","UMECC (Cincinnati)","Industrial equipment engineering/sourcing","Oct 2024","Acquiring Mindsacquiringminds"
"34","Nick Kerr (not found)","Co-CEO","HealthBridge (Long Island)","Concierge primary care","Late 2024","Pacific Lakepacificlake; HBS Think Big Buy Smallhbs"
"35","Shaquille Walker (not found)","Co-CEO","HealthBridge (Long Island)","Concierge primary care","Late 2024","Same as #34"
"36","Mike Josephlinkedin","Founder & CEO","Saturday Landscapes (Kitson Landscape Mgmt, Santa Barbara)","Commercial landscaping","Oct 2025","LinkedIn postlinkedin"
"37","Will Smith, CFAlinkedin","Owner & Co-CEO","Cincinnati Stoneworks","Stone fabrication/installation","Jan 2025","SMB Bootcampsmbootcamp.beehiiv"
"38","Michael Wackenhutlinkedin","Owner & Co-CEO","Cincinnati Stoneworks","Stone fabrication/installation","Jan 2025","SMB Bootcampsmbootcamp.beehiiv"
"39","Keith Burnslinkedin","CEO","CyberData Pros","Data privacy/cyber consulting","about late 2025","Search Party podcastpodcasts.apple"
"40","Justin Nihiserlinkedin","Managing Partner","Wheelhouse / WonderPlay Brands (Kidcreate)","Kids' enrichment franchisor","Jan 2026","WonderPlay on LinkedInlinkedin; Kidcreate releasefranchise.kidcreatestudio"
"41","CiCi McMullenlinkedin","CEO","HerScan / Alpine Crest Capital (Tampa)","Mobile breast imaging","May 2025","Axialaxial"
"42","Omar Garzalinkedin","CEO","Sector 7 Energy / Saddle Ridge Capital (Houston)","Energy procurement advisory","Jan 2025","Texas A&M ETA Forummays.tamu"
"43","Kyle Simmonslinkedin","CEO","A Personal Choice / Bull City Partners (Raleigh)","Home care","Jul 2025","LinkedIn profile and posts"
"44","Dan Calanolinkedin","CEO","Fleetflo (Grouper Companies)","B2B fleet services","2025","Think Like an Ownerpodcasts.apple; Pacific Lakepacificlake"
"45","Miles Mamon (not found)","CEO","Roundhouse Electric & Equipment / Kingsway (Permian Basin, TX)","Electrical equipment and motor services","Jul 2025","Nasdaq releasenasdaq"
"46","Rob Casper (not found)","Head of Kingsway Skilled Trades","Bud's Plumbing and M.L.C. Plumbing / Kingsway","Plumbing","2025","PHCP Prosphcppros; Minds Capital podcastmindscapital"
"47","Cody Adelizzilinkedin","CEO","Blue Peak Tents / Second Summit Partners (Chicago)","Event tent rental","Apr 2025","LinkedIn profile"
"48","Marti Ogramlinkedin","Co-Founder","Easton Edge (Heattransfer, Seattle)","Commercial HVAC","about Feb 2025","LinkedIn postlinkedin"
"49","G. Birk Mitaulinkedin","Owner","Todco Roofing / C3 Construction / Conserve Irrigation (Chicagoland)","Roofing and trades","2025","Poets&Quantspoetsandquants"
"50","Kofi Owusu Acheamponglinkedin","Owner & President","Paul Davis Restoration of Central VA (plus NW VA)","Home restoration","about early 2025","SMB Deal Hunter podcastiheart"