name,title,company,industry,businesses,most_recent_acquisition,linkedin_url,source
Noah Pepper,Co-founder & CEO,Multiplier Holdings,Tax & accounting firms,~10,2026,https://www.linkedin.com/in/noahpepper,https://www.edb.gov.sg/en/news-and-insights/how-a-move-to-singapore-sparked-a-transformation-for-this-serial-founder
Nathan Lindley,CEO,Lindley Home Services,HVAC,11 deals,n.a.,n.a.,https://homepros.news/ai-csrs-draw-adopters-and-holdouts/
Kyle Boyden,Co-owner/operator,Rainier Cleaning Solutions,Commercial & residential cleaning,7,2025,https://www.linkedin.com/in/kyle-boyden,https://acquiringminds.co/articles/kyle-boyden-jake-furfaro-rainier-cleaning-solutions
Jake Furfaro,Co-founder,Rainier Cleaning Solutions,Commercial & residential cleaning,7-8,2025,n.a.,https://acquiringminds.co/articles/kyle-boyden-jake-furfaro-rainier-cleaning-solutions
Chase Goodeill,President / CEO,Goodeill Holdings / PCC Pest Control Consultants,Pest control,9-10,n.a.,https://www.linkedin.com/in/chase-goodeill-89ba40b2,https://podcasts.apple.com/us/podcast/exterminating-inefficiency-chase-goodall-on-scaling/id1808008973?i=1000787167426
Ali Safavi,CEO & Co-founder,COVU,Independent insurance agencies,7,n.a.,https://www.linkedin.com/in/asafavi,https://www.covu.com/press
KP Reddy,Founder & CEO,Zero RFI,Construction owner's-rep / AEC services,3,2026,https://www.linkedin.com/in/kpreddy,https://www.linkedin.com/in/kpreddy
Juan Fernandez,Founder,MSP Owners Group (MSP-OG),Managed IT services (MSPs),2,2025,https://www.linkedin.com/in/1jf,https://www.crn.com/news/channel-news/2025/channel-vet-juan-fernandez-launches-msp-owners-group-taps-ceo-exclusive
Rob Carpenter,Owner,Merry Maids territories (Frost River Capital),Residential cleaning,3,2024,n.a.,https://acquiringminds.co/articles/rob-carpenter-merry-maids
Onu Okebie,CEO,HTL Freight,Freight brokerage / logistics,5,n.a.,n.a.,https://supplychainnow.com/how-entrepreneurial-leadership-drives-growth-innovation-supply-chain-1603/
Jesse Jackson,CEO,Mango Automotive,Auto repair,8 shops / 7 acquisitions,n.a.,https://www.linkedin.com/in/jessicaannejackson,https://podcasts.apple.com/us/podcast/365-driven-entrepreneurship/id1434979405
Victor Rancour,CEO,Rocket Group Holdings,HVAC / plumbing / electrical,13 brands,2026,https://www.linkedin.com/in/victor-rancour-51605a48,https://hvacinsider.com/rocket-group-lands-first-new-york-partnership/
Jeremy Yamaguchi,Founder & CEO,Cabana,Pool service,n.a.,n.a.,https://www.linkedin.com/in/jeremyyamaguchi,https://www.newsletter.lukesophinos.com/p/linear-1485-ai-roll-ups-with-jeremy
Mike Witte,Co-founder & CEO,Equal Parts,Independent insurance agencies,5 named,2026,n.a.,https://www.businesswire.com/news/home/20250626192100/en/Equal-Parts-Continues-Expansion-with-Acquisition-of-Assurely-Adding-Proprietary-DO-Platform-for-Startups
Jeff D'Angelo,Co-founder & CEO,Fura,Freight brokerage,6-7,2026,https://www.linkedin.com/in/jeff-dangelo-8a7107a,https://www.freightwaves.com/news/ai-first-how-fura-grew-800-during-freight-slump-logistics
Ravi Kurani,COO Poolify / President Standard Water,Poolify,Pool service routes,2,2025,https://www.linkedin.com/in/kuraniravi,https://www.youtube.com/watch?v=CY-SEsr7qVI
Jordan Evans,CEO,Language Network,Translation & interpreting,3-4,n.a.,https://www.linkedin.com/in/jordanpevans,https://www.linkedin.com/posts/wisevas_in-this-episode-of-the-delegate-that-podcast-activity-7467602751766843392-pbyY
Eric Calderon,Founder & CEO,TXE Partners,Testing/inspection/calibration labs,a few,n.a.,https://www.linkedin.com/in/eric-r-calderon,https://acquiringminds.co/articles/eric-calderon-txe-partners
Greg Shapiro,Co-founder & President,Hickory,Residential HVAC,14 (as of 2022),2022,https://www.linkedin.com/in/gregshap,https://www.caplight.com/company/hickory
Rich O'Neill,Founder & CEO,Happy Pools,Residential pool service,n.a.,n.a.,https://www.linkedin.com/in/richardaoneill,https://podcasts.apple.com/us/podcast/the-pool-pros-podcast/id1895732386
Sei-Wook Kim,Co-founder,Barrel Holdings,Marketing/digital agencies,6,2026,https://www.linkedin.com/in/seiwookkim,https://www.peterkang.com/agency-journey-episode-68-y19m11/
John Wilson,CEO,Wilson Companies,Plumbing / HVAC / electrical,14,n.a.,https://www.linkedin.com/in/johnbwilson1/,https://www.ownedandoperated.com/post/312-how-we-doubled-a-plumbing-business-in-90-days-cash-flow-sales-buying-businesses-explained
Ian Smith,Partner,South River Capital,Landscaping & irrigation,3,2024,https://www.linkedin.com/in/ian-smith-a948a13a,https://www.buzzsprout.com/2518396/episodes/18442902-from-2-5m-to-7m-in-12-months-landscaping-roll-up-irrigation-acquisition-lessons
